Date,Predicted_Sales,Month
2018-12-31,3050.878334287833,12
2019-01-01,1510.88873551702,1
2019-01-02,1391.2379088281125,1
2019-01-03,1033.5687202915803,1
2019-01-04,1453.5153233554336,1
2019-01-05,1466.3105963582989,1
2019-01-06,1385.5307216830106,1
2019-01-07,1423.971158324396,1
2019-01-08,1363.4255749516474,1
2019-01-09,1263.9125093005389,1
2019-01-10,1256.8581417220475,1
2019-01-11,1371.992376274508,1
2019-01-12,1374.9668333405193,1
2019-01-13,1427.6576235376938,1
2019-01-14,1363.4255749516474,1
2019-01-15,1363.4255749516474,1
2019-01-16,1363.4255749516474,1
2019-01-17,1363.9117818073908,1
2019-01-18,1371.992376274508,1
2019-01-19,1371.992376274508,1
2019-01-20,1371.992376274508,1
2019-01-21,1363.4255749516474,1
2019-01-22,1363.4255749516474,1
2019-01-23,1366.4000320176588,1
2019-01-24,1363.0284002456187,1
2019-01-25,1371.992376274508,1
2019-01-26,1371.992376274508,1
2019-01-27,1374.9668333405193,1
2019-01-28,1363.4255749516474,1
2019-01-29,1363.4255749516474,1
2019-01-30,1363.4255749516474,1
2019-01-31,1363.4255749516474,1
2019-02-01,1371.992376274508,2
2019-02-02,1371.992376274508,2
2019-02-03,1371.992376274508,2
2019-02-04,1363.4255749516474,2
2019-02-05,1363.4255749516474,2
2019-02-06,1363.4255749516474,2
2019-02-07,1363.4255749516474,2
2019-02-08,1371.992376274508,2
2019-02-09,1371.992376274508,2
2019-02-10,1371.992376274508,2
2019-02-11,1363.4255749516474,2
2019-02-12,1363.4255749516474,2
2019-02-13,1363.4255749516474,2
2019-02-14,1363.4255749516474,2
2019-02-15,1371.992376274508,2
2019-02-16,1371.992376274508,2
2019-02-17,1371.992376274508,2
2019-02-18,1363.4255749516474,2
2019-02-19,1363.4255749516474,2
2019-02-20,1363.4255749516474,2
2019-02-21,1363.4255749516474,2
2019-02-22,1371.992376274508,2
2019-02-23,1371.992376274508,2
2019-02-24,1371.992376274508,2
2019-02-25,1363.4255749516474,2
2019-02-26,1363.4255749516474,2
2019-02-27,1363.4255749516474,2
2019-02-28,1363.4255749516474,2
2019-03-01,1494.414907217921,3
2019-03-02,1494.414907217921,3
2019-03-03,1505.6248497182864,3
2019-03-04,1502.5791931077931,3
2019-03-05,1502.5791931077931,3
2019-03-06,1502.5791931077931,3
2019-03-07,1502.5791931077931,3
2019-03-08,1511.1459944306534,3
2019-03-09,1511.1459944306534,3
2019-03-10,1511.1459944306534,3
2019-03-11,1502.5791931077931,3
2019-03-12,1502.5791931077931,3
2019-03-13,1502.5791931077931,3
2019-03-14,1502.5791931077931,3
2019-03-15,1511.1459944306534,3
2019-03-16,1511.1459944306534,3
2019-03-17,1511.1459944306534,3
2019-03-18,1502.5791931077931,3
2019-03-19,1502.5791931077931,3
2019-03-20,1502.5791931077931,3
2019-03-21,1502.5791931077931,3
2019-03-22,1511.1459944306534,3
2019-03-23,1511.1459944306534,3
2019-03-24,1511.1459944306534,3
2019-03-25,1502.5791931077931,3
2019-03-26,1502.5791931077931,3
2019-03-27,1502.5791931077931,3
2019-03-28,1502.5791931077931,3
2019-03-29,1511.1459944306534,3
2019-03-30,1511.1459944306534,3
2019-03-31,1511.1459944306534,3
2019-04-01,1502.5791931077931,4
2019-04-02,1502.5791931077931,4
2019-04-03,1502.5791931077931,4
2019-04-04,1502.5791931077931,4
2019-04-05,1511.1459944306534,4
2019-04-06,1511.1459944306534,4
2019-04-07,1511.1459944306534,4
2019-04-08,1502.5791931077931,4
2019-04-09,1502.5791931077931,4
2019-04-10,1502.5791931077931,4
2019-04-11,1502.5791931077931,4
2019-04-12,1511.1459944306534,4
2019-04-13,1511.1459944306534,4
2019-04-14,1511.1459944306534,4
2019-04-15,1502.5791931077931,4
2019-04-16,1502.5791931077931,4
2019-04-17,1502.5791931077931,4
2019-04-18,1502.5791931077931,4
2019-04-19,1511.1459944306534,4
2019-04-20,1511.1459944306534,4
2019-04-21,1511.1459944306534,4
2019-04-22,1502.5791931077931,4
2019-04-23,1502.5791931077931,4
2019-04-24,1502.5791931077931,4
2019-04-25,1502.5791931077931,4
2019-04-26,1511.1459944306534,4
2019-04-27,1511.1459944306534,4
2019-04-28,1511.1459944306534,4
2019-04-29,1502.5791931077931,4
2019-04-30,1502.5791931077931,4
2019-05-01,1502.5791931077931,5
2019-05-02,1502.5791931077931,5
2019-05-03,1511.1459944306534,5
2019-05-04,1511.1459944306534,5
2019-05-05,1511.1459944306534,5
2019-05-06,1502.5791931077931,5
2019-05-07,1502.5791931077931,5
2019-05-08,1502.5791931077931,5
2019-05-09,1502.5791931077931,5
2019-05-10,1511.1459944306534,5
2019-05-11,1511.1459944306534,5
2019-05-12,1511.1459944306534,5
2019-05-13,1502.5791931077931,5
2019-05-14,1502.5791931077931,5
2019-05-15,1502.5791931077931,5
2019-05-16,1502.5791931077931,5
2019-05-17,1511.1459944306534,5
2019-05-18,1511.1459944306534,5
2019-05-19,1511.1459944306534,5
2019-05-20,1502.5791931077931,5
2019-05-21,1502.5791931077931,5
2019-05-22,1502.5791931077931,5
2019-05-23,1502.5791931077931,5
2019-05-24,1511.1459944306534,5
2019-05-25,1511.1459944306534,5
2019-05-26,1511.1459944306534,5
2019-05-27,1502.5791931077931,5
2019-05-28,1502.5791931077931,5
2019-05-29,1502.5791931077931,5
2019-05-30,1502.5791931077931,5
2019-05-31,1511.1459944306534,5
2019-06-01,1511.1459944306534,6
2019-06-02,1511.1459944306534,6
2019-06-03,1502.5791931077931,6
2019-06-04,1502.5791931077931,6
2019-06-05,1502.5791931077931,6
2019-06-06,1502.5791931077931,6
2019-06-07,1511.1459944306534,6
2019-06-08,1511.1459944306534,6
2019-06-09,1511.1459944306534,6
2019-06-10,1502.5791931077931,6
2019-06-11,1502.5791931077931,6
2019-06-12,1502.5791931077931,6
2019-06-13,1502.5791931077931,6
2019-06-14,1511.1459944306534,6
2019-06-15,1511.1459944306534,6
2019-06-16,1511.1459944306534,6
2019-06-17,1502.5791931077931,6
2019-06-18,1502.5791931077931,6
2019-06-19,1502.5791931077931,6
2019-06-20,1502.5791931077931,6
2019-06-21,1511.1459944306534,6
2019-06-22,1511.1459944306534,6
2019-06-23,1511.1459944306534,6
2019-06-24,1502.5791931077931,6
2019-06-25,1502.5791931077931,6
2019-06-26,1502.5791931077931,6
2019-06-27,1502.5791931077931,6
2019-06-28,1511.1459944306534,6
2019-06-29,1511.1459944306534,6
2019-06-30,1511.1459944306534,6
2019-07-01,1506.9154080141955,7
2019-07-02,1506.9154080141955,7
2019-07-03,1506.9154080141955,7
2019-07-04,1506.9154080141955,7
2019-07-05,1515.482209337056,7
2019-07-06,1515.482209337056,7
2019-07-07,1515.482209337056,7
2019-07-08,1506.9154080141955,7
2019-07-09,1506.9154080141955,7
2019-07-10,1506.9154080141955,7
2019-07-11,1506.9154080141955,7
2019-07-12,1515.482209337056,7
2019-07-13,1515.482209337056,7
2019-07-14,1515.482209337056,7
2019-07-15,1506.9154080141955,7
2019-07-16,1506.9154080141955,7
2019-07-17,1506.9154080141955,7
2019-07-18,1506.9154080141955,7
2019-07-19,1515.482209337056,7
2019-07-20,1515.482209337056,7
2019-07-21,1515.482209337056,7
2019-07-22,1506.9154080141955,7
2019-07-23,1506.9154080141955,7
2019-07-24,1506.9154080141955,7
2019-07-25,1506.9154080141955,7
2019-07-26,1515.482209337056,7
2019-07-27,1515.482209337056,7
2019-07-28,1515.482209337056,7
2019-07-29,1506.9154080141955,7
2019-07-30,1506.9154080141955,7
2019-07-31,1506.9154080141955,7
2019-08-01,1506.9154080141955,8
2019-08-02,1515.482209337056,8
2019-08-03,1515.482209337056,8
2019-08-04,1515.482209337056,8
2019-08-05,1506.9154080141955,8
2019-08-06,1506.9154080141955,8
2019-08-07,1506.9154080141955,8
2019-08-08,1506.9154080141955,8
2019-08-09,1515.482209337056,8
2019-08-10,1515.482209337056,8
2019-08-11,1515.482209337056,8
2019-08-12,1506.9154080141955,8
2019-08-13,1506.9154080141955,8
2019-08-14,1506.9154080141955,8
2019-08-15,1506.9154080141955,8
2019-08-16,1515.482209337056,8
2019-08-17,1515.482209337056,8
2019-08-18,1515.482209337056,8
2019-08-19,1506.9154080141955,8
2019-08-20,1506.9154080141955,8
2019-08-21,1506.9154080141955,8
2019-08-22,1506.9154080141955,8
2019-08-23,1515.482209337056,8
2019-08-24,1515.482209337056,8
2019-08-25,1515.482209337056,8
2019-08-26,1506.9154080141955,8
2019-08-27,1506.9154080141955,8
2019-08-28,1506.9154080141955,8
2019-08-29,1506.9154080141955,8
2019-08-30,1515.482209337056,8
2019-08-31,1515.482209337056,8
2019-09-01,2484.0993076917757,9
2019-09-02,2542.9259417275275,9
2019-09-03,2549.413470248657,9
2019-09-04,2549.413470248657,9
2019-09-05,2549.413470248657,9
2019-09-06,2549.413470248657,9
2019-09-07,2562.7067462326254,9
2019-09-08,2657.471872556893,9
2019-09-09,2674.290121995873,9
2019-09-10,2651.0745538618294,9
2019-09-11,2651.0745538618294,9
2019-09-12,2651.0745538618294,9
2019-09-13,2634.494255809735,9
2019-09-14,2647.7875317937032,9
2019-09-15,2647.7875317937032,9
2019-09-16,2657.7098239437787,9
2019-09-17,2634.494255809735,9
2019-09-18,2634.494255809735,9
2019-09-19,2634.494255809735,9
2019-09-20,2634.494255809735,9
2019-09-21,2647.7875317937032,9
2019-09-22,2647.7875317937032,9
2019-09-23,2657.7098239437787,9
2019-09-24,2634.494255809735,9
2019-09-25,2634.494255809735,9
2019-09-26,2634.494255809735,9
2019-09-27,2634.494255809735,9
2019-09-28,2650.495028366624,9
2019-09-29,2651.377855695419,9
2019-09-30,2667.3723557667063,9
2019-10-01,2644.1567876326617,10
2019-10-02,2644.1567876326617,10
2019-10-03,2644.1567876326617,10
2019-10-04,2644.1567876326617,10
2019-10-05,2651.377855695419,10
2019-10-06,2651.377855695419,10
2019-10-07,2667.3723557667063,10
2019-10-08,2644.1567876326617,10
2019-10-09,2644.1567876326617,10
2019-10-10,2644.1567876326617,10
2019-10-11,2644.1567876326617,10
2019-10-12,2651.377855695419,10
2019-10-13,2651.377855695419,10
2019-10-14,2667.3723557667063,10
2019-10-15,2644.1567876326617,10
2019-10-16,2644.1567876326617,10
2019-10-17,2644.1567876326617,10
2019-10-18,2644.1567876326617,10
2019-10-19,2651.377855695419,10
2019-10-20,2651.377855695419,10
2019-10-21,2667.3723557667063,10
2019-10-22,2644.1567876326617,10
2019-10-23,2644.1567876326617,10
2019-10-24,2644.1567876326617,10
2019-10-25,2644.1567876326617,10
2019-10-26,2651.377855695419,10
2019-10-27,2651.377855695419,10
2019-10-28,2667.3723557667063,10
2019-10-29,2644.1567876326617,10
2019-10-30,2644.1567876326617,10
2019-10-31,2644.1567876326617,10
2019-11-01,2964.4103242595907,11
2019-11-02,2981.220879112108,11
2019-11-03,2981.220879112108,11
2019-11-04,2987.625892393634,11
2019-11-05,2964.4103242595907,11
2019-11-06,2964.4103242595907,11
2019-11-07,2964.4103242595907,11
2019-11-08,2999.4816655141367,11
2019-11-09,3016.2922203666535,11
2019-11-10,3016.2922203666535,11
2019-11-11,3022.6972336481804,11
2019-11-12,2999.4816655141367,11
2019-11-13,2999.4816655141367,11
2019-11-14,2999.4816655141367,11
2019-11-15,2999.4816655141367,11
2019-11-16,3016.2922203666535,11
2019-11-17,3016.2922203666535,11
2019-11-18,3022.6972336481804,11
2019-11-19,2999.4816655141367,11
2019-11-20,2999.4816655141367,11
2019-11-21,2999.4816655141367,11
2019-11-22,3008.871796696761,11
2019-11-23,3025.6823515492783,11
2019-11-24,3036.697198626743,11
2019-11-25,3043.1022119082704,11
2019-11-26,3019.886643774226,11
2019-11-27,3027.763408974522,11
2019-11-28,3027.763408974522,11
2019-11-29,3033.1998346900805,11
2019-11-30,3050.0103895425977,11
2019-12-01,3021.498563970108,12
2019-12-02,3027.9035772516345,12
2019-12-03,3004.6880091175913,12
2019-12-04,3004.6880091175913,12
2019-12-05,3004.6880091175913,12
2019-12-06,3004.6880091175913,12
2019-12-07,3030.9947414201083,12
2019-12-08,3021.498563970108,12
2019-12-09,3027.9035772516345,12
2019-12-10,3004.6880091175913,12
2019-12-11,3004.6880091175913,12
2019-12-12,3004.6880091175913,12
2019-12-13,3004.6880091175913,12
2019-12-14,3021.498563970108,12
2019-12-15,3021.498563970108,12
2019-12-16,3027.9035772516345,12
2019-12-17,3004.6880091175913,12
2019-12-18,3004.6880091175913,12
2019-12-19,3004.6880091175913,12
2019-12-20,3004.6880091175913,12
2019-12-21,3021.498563970108,12
2019-12-22,3021.498563970108,12
2019-12-23,3027.9035772516345,12
2019-12-24,3004.6880091175913,12
2019-12-25,3004.6880091175913,12
2019-12-26,3004.6880091175913,12
2019-12-27,3004.6880091175913,12
2019-12-28,3021.498563970108,12
2019-12-29,3021.498563970108,12
2019-12-30,3027.9035772516345,12
